date,username,to,replies,retweets,favorites,text,geo,mentions,hashtags,id,permalink
2019-11-27 18:00:00,Snapchat,,30,559,3358,"The one where they turn into @Bitmoji. #RealFriends #FRIENDS25",,@Bitmoji,#RealFriends #FRIENDS25,1199749730181550119,https://twitter.com/Snapchat/status/1199749730181550119
2019-11-26 18:00:00,Snapchat,,8,40,279,"Words on friendship by Joey Tribbiani. #RealFriends #FRIENDS25",,,#RealFriends #FRIENDS25,1199387343150407681,https://twitter.com/Snapchat/status/1199387343150407681
2019-11-25 18:05:40,Snapchat,,20,49,314,"Words on friendship by Phoebe Buffay. #RealFriends #FRIENDS25",,,#RealFriends #FRIENDS25,1199026379263660032,https://twitter.com/Snapchat/status/1199026379263660032
2019-11-23 18:00:00,Snapchat,,15,32,253,"Time flies (when you’re having fun). Tap below to act your age with Time Machine: https://snapchat.com/unlock/?type=SNAPCODE&amp;uuid=f4511d1ca9d74ec688814772b9eca0a6&amp;metadata=01",,,,1198300179192877057,https://twitter.com/Snapchat/status/1198300179192877057
2019-11-21 17:00:01,Snapchat,,53,115,740,"Take the selfie of a lifetime. Try Time Machine today https://www.snapchat.com/unlock/?type=SNAPCODE&amp;uuid=f4511d1ca9d74ec688814772b9eca0a6&amp;metadata=01",,,,1197560308014837760,https://twitter.com/Snapchat/status/1197560308014837760
2019-10-31 18:52:13,Snapchat,,89,103,853,"Press and hold on a for a treat! Happy Halloween from Team Snapchat.",,,,1189978397671219200,https://twitter.com/Snapchat/status/1189978397671219200
2019-09-17 12:00:01,Snapchat,,399,479,2871,"Your Snaps. Now in 3D. https://www.snap.com/en-US/news/post/3d-snaps",,,,1173929596892454912,https://twitter.com/Snapchat/status/1173929596892454912
2019-08-20 20:00:00,Snapchat,,244,51,672,"""You talk to him at a normal volume, and he starts yelling as if he were on the other side of the street."" Meet Ignacio & Raúl #RealFriends",,,#RealFriends,1163903529708244992,https://twitter.com/Snapchat/status/1163903529708244992
2019-08-20 16:00:01,Snapchat,,47,176,911,"Words on friendship by Henry David Thoreau #RealFriends",,,#RealFriends,1163843135983763461,https://twitter.com/Snapchat/status/1163843135983763461
2019-08-19 20:00:00,Snapchat,,34,25,365,"""Even though I don't tell him this, he really is my biggest supporter."" Meet Nelson & Florian #RealFriends",,,#RealFriends,1163541142706774017,https://twitter.com/Snapchat/status/1163541142706774017
2019-08-19 16:00:00,Snapchat,,55,306,3166,"Words on friendship by the Panchatantra #RealFriends",,,#RealFriends,1163480743768494080,https://twitter.com/Snapchat/status/1163480743768494080
2019-08-16 20:00:00,Snapchat,,45,24,302,"""You usually don't get a lot of people to know the true you."" Meet Daniel & Jie Ying #RealFriends",,,#RealFriends,1162453978099019776,https://twitter.com/Snapchat/status/1162453978099019776
2019-08-16 16:00:01,Snapchat,,45,223,2515,"Words on friendship by Bhavabhuti #RealFriends",,,#RealFriends,1162393584684941312,https://twitter.com/Snapchat/status/1162393584684941312
2019-08-15 20:00:01,Snapchat,,40,34,400,"“He’s my best friend as well as being my fiancée.” Meet Jefferson & Alice (and ) #RealFriends",,,#RealFriends,1162091593316175872,https://twitter.com/Snapchat/status/1162091593316175872
2019-08-15 16:00:00,Snapchat,,38,211,918,"Words on friendship by Mahatma Gandhi #RealFriends",,,#RealFriends,1162031191551172610,https://twitter.com/Snapchat/status/1162031191551172610
2019-08-14 20:00:00,Snapchat,,71,51,459,"""We're so comfortable with each other. We share the other side of ourselves that we don't make public."" Meet Aba & Aminah #RealFriends",,,#RealFriends,1161729203890298881,https://twitter.com/Snapchat/status/1161729203890298881
2019-08-14 16:00:01,Snapchat,,25,32,256,"Words on friendship by W. B. Yeats #RealFriends",,,#RealFriends,1161668807187992577,https://twitter.com/Snapchat/status/1161668807187992577
2019-08-13 20:00:00,Snapchat,,134,25,509,"""Mel is family that I've been able to choose."" Meet Mel & Zoe #RealFriends",,,#RealFriends,1161366815697588224,https://twitter.com/Snapchat/status/1161366815697588224
2019-08-13 16:00:01,Snapchat,,96,209,1287,"Words on friendship by Aristotle #RealFriends",,,#RealFriends,1161306421864148994,https://twitter.com/Snapchat/status/1161306421864148994
2019-08-12 20:00:00,Snapchat,,78,53,510,"""The universe kind of like, drew us together."" Meet Ayo & Dikembé #RealFriends",,,#RealFriends,1161004425919336448,https://twitter.com/Snapchat/status/1161004425919336448
2019-08-12 16:00:01,Snapchat,,21,88,599,"Words on friendship by Marlene Dietrich #RealFriends",,,#RealFriends,1160944032249516041,https://twitter.com/Snapchat/status/1160944032249516041
2019-08-09 20:00:00,Snapchat,,48,31,398,"“Whatever I’m feeling, there’s no judgement.” Meet Ronit & Tanisha #RealFriends",,,#RealFriends,1159917264893665280,https://twitter.com/Snapchat/status/1159917264893665280
2019-08-09 16:00:01,Snapchat,,13,17,125,"Words on friendship by Robert Louis Stevenson #RealFriends",,,#RealFriends,1159856868409217026,https://twitter.com/Snapchat/status/1159856868409217026
2019-08-08 20:00:01,Snapchat,,27,27,289,"“It’s just those little things that really kind of bring us together.” Meet Ebony & Alex #RealFriends",,,#RealFriends,1159554878135390208,https://twitter.com/Snapchat/status/1159554878135390208
2019-08-08 16:00:00,Snapchat,,37,553,2829,"Words on friendship by @MarilynMonroe #RealFriends",,@MarilynMonroe,#RealFriends,1159494477087514629,https://twitter.com/Snapchat/status/1159494477087514629
2019-08-07 20:00:00,Snapchat,,38,25,301,"“That’s my best friend and my brother.” Meet Josh & Rebecca #RealFriends",,,#RealFriends,1159192489447821312,https://twitter.com/Snapchat/status/1159192489447821312
2019-08-07 16:00:01,Snapchat,,10,32,214,"Words on friendship by Walt Whitman #RealFriends",,,#RealFriends,1159132092896145408,https://twitter.com/Snapchat/status/1159132092896145408
2019-08-06 20:00:00,Snapchat,,20,18,290,"“Even though we may be working around the clock, we’re still connected.” Meet Ruchi & Sanabh #RealFriends",,,#RealFriends,1158830100282052608,https://twitter.com/Snapchat/status/1158830100282052608
2019-08-06 16:00:00,Snapchat,,2,23,153,"Words on friendship by Ralph Waldo Emerson #RealFriends",,,#RealFriends,1158769702916612096,https://twitter.com/Snapchat/status/1158769702916612096
2019-08-05 20:00:00,Snapchat,,17,27,230,"“We're constantly on the other side of the world to each other... but I get to see his face every single day.” Meet Nelson & Elke #RealFriends",,,#RealFriends,1158467711321681922,https://twitter.com/Snapchat/status/1158467711321681922
2019-08-05 16:00:01,Snapchat,,10,18,180,"Words on friendship by @BillieHolidayHQ #RealFriends",,@BillieHolidayHQ,#RealFriends,1158407317328736256,https://twitter.com/Snapchat/status/1158407317328736256
2019-08-02 20:00:00,Snapchat,,49,19,220,"“Life with Mia flipped fast. We couldn't stop talking to each other."" Meet Mia & Ross #RealFriends",,,#RealFriends,1157380550237270016,https://twitter.com/Snapchat/status/1157380550237270016
2019-08-02 16:00:00,Snapchat,,9,84,345,"Words on friendship by @joanjett #RealFriends",,@joanjett,#RealFriends,1157320149256400897,https://twitter.com/Snapchat/status/1157320149256400897
2019-08-01 20:00:00,Snapchat,,34,15,498,"“She’s my wingwoman.” Meet Prakriti & Zara #RealFriends",,,#RealFriends,1157018160157118466,https://twitter.com/Snapchat/status/1157018160157118466
2019-08-01 16:00:01,Snapchat,,12,46,269,"Words on friendship by @MuhammadAli #RealFriends",,@MuhammadAli,#RealFriends,1156957765316878337,https://twitter.com/Snapchat/status/1156957765316878337
2019-07-31 20:00:00,Snapchat,,9,21,231,"""As soon as I saw him, I was like, I’m gonna snatch that up.” Meet Brian & Cindy #RealFriends",,,#RealFriends,1156655772559822850,https://twitter.com/Snapchat/status/1156655772559822850
2019-07-31 16:00:01,Snapchat,,11,42,319,"Words on friendship by Helen Keller #RealFriends",,,#RealFriends,1156595379489693696,https://twitter.com/Snapchat/status/1156595379489693696
2019-07-30 17:30:00,Snapchat,,8,73,350,"Words on friendship by @jimmorrison #RealFriends",,@JimMorrison,#RealFriends,1156255635136221185,https://twitter.com/Snapchat/status/1156255635136221185
2019-07-30 16:30:00,Snapchat,,14,29,352,"""We were the weirdos at our high school."" Meet Marieh & Jessica #RealFriends",,,#RealFriends,1156240537504178178,https://twitter.com/Snapchat/status/1156240537504178178
2019-07-30 16:00:01,Snapchat,,799,227,2096,"Real stories. Real people. #RealFriends from all around the world.",,,#RealFriends,1156232992223719424,https://twitter.com/Snapchat/status/1156232992223719424
2019-04-12 17:00:00,Snapchat,,839,231,2048,"It's that smooth. #SnapForAndroid",,,#SnapForAndroid,1116747809431199745,https://twitter.com/Snapchat/status/1116747809431199745
2019-04-11 17:00:01,Snapchat,,201,432,5674,"Full speed ahead! #SnapForAndroid",,,#SnapForAndroid,1116385425021493248,https://twitter.com/Snapchat/status/1116385425021493248
2019-04-10 17:00:01,Snapchat,,485,593,8516,"Now in sync. #SnapForAndroid",,,#SnapForAndroid,1116023036111728640,https://twitter.com/Snapchat/status/1116023036111728640
2019-04-09 17:00:01,Snapchat,,503,810,10893,"Happy Snapping! #SnapForAndroid",,,#SnapForAndroid,1115660650540179456,https://twitter.com/Snapchat/status/1115660650540179456
2019-04-08 17:00:00,Snapchat,,1076,2581,24736,"To @Android. Love, Snapchat. #SnapForAndroid",,@Android,#SnapForAndroid,1115298256798482433,https://twitter.com/Snapchat/status/1115298256798482433
2019-04-04 18:25:00,Snapchat,,23,60,289,"That's a wrap Get the full rundown from #SnapPartnerSummit: http://snap.com/news",,,#SnapPartnerSummit,1113870096189906944,https://twitter.com/Snapchat/status/1113870096189906944
2019-04-04 18:16:24,Snapchat,,50,197,801,"You’re invited to Bitmoji Party #SnapPartnerSummit",,,#SnapPartnerSummit,1113867933912981504,https://twitter.com/Snapchat/status/1113867933912981504
2019-04-04 17:52:43,Snapchat,,17,57,399,"Scan your dog, get a Lens #SnapPartnerSummit",,,#SnapPartnerSummit,1113861971273605121,https://twitter.com/Snapchat/status/1113861971273605121
2019-04-04 17:50:39,Snapchat,,117,509,2386,"Introducing Landmarkers — look out below! #SnapPartnerSummit",,,#SnapPartnerSummit,1113861452660494336,https://twitter.com/Snapchat/status/1113861452660494336
2019-04-04 17:34:21,Snapchat,,9,38,224,"The #SnapPartnerSummit is live! http://snapchat.com ",,,#SnapPartnerSummit,1113857349163184128,https://twitter.com/Snapchat/status/1113857349163184128
2019-04-04 16:30:00,Snapchat,,15,52,420,"You here? #SnapPartnerSummit",,,#SnapPartnerSummit,1113841157707042818,https://twitter.com/Snapchat/status/1113841157707042818
2019-04-03 17:30:00,Snapchat,,35,106,384,"The first ever #SnapPartnerSummit is tomorrow at 10:30am PT. Tune in http://snapchat.com",,,#SnapPartnerSummit,1113493867460943872,https://twitter.com/Snapchat/status/1113493867460943872
2018-12-14 01:23:39,Snapchat,,155,56,563,"Make a statement to your bestie by unleashing our new caption styles ",,,,1073388014343118849,https://twitter.com/Snapchat/status/1073388014343118849
2018-11-13 15:18:33,Snapchat,,64,74,561,"Introducing a new way to celebrate friendships on Snapchat! https://www.snap.com/en-US/news/post/celebrating-friendship/",,,,1062364098678054912,https://twitter.com/Snapchat/status/1062364098678054912
2018-10-29 19:07:55,Snapchat,,96,64,982,"Cat lenses on #NationalCatDay?! Say no more, we got you ",,,#NationalCatDay,1056986001430654976,https://twitter.com/Snapchat/status/1056986001430654976
2018-10-12 14:15:25,Snapchat,,108,220,991,"Lenses. For cool cats and their cool cats Try them meow.",,,,1050751798808473600,https://twitter.com/Snapchat/status/1050751798808473600
2018-10-10 10:53:42,Snapchat,,38,97,547,"Introducing Snap Originals | New Shows, Only on Snapchat https://youtu.be/GWevfgANJNk via @YouTube",,@YouTube,,1049976259227324416,https://twitter.com/Snapchat/status/1049976259227324416
2018-10-10 10:53:17,Snapchat,,47,79,561,"Introducing Snap Originals! https://www.snap.com/en-US/news/",,,,1049976154361384960,https://twitter.com/Snapchat/status/1049976154361384960
2018-09-25 14:56:52,Snapchat,,119,47,763,"https://www.snap.com/en-US/news/post/register-to-vote/",,,,1044601634909614080,https://twitter.com/Snapchat/status/1044601634909614080
2018-08-31 18:11:26,Snapchat,,58,66,462,"",,,,1035590905535709184,https://twitter.com/Snapchat/status/1035590905535709184
2018-08-28 15:17:39,Snapchat,,14,40,293,"",,,,1034460006123417601,https://twitter.com/Snapchat/status/1034460006123417601
2018-08-17 18:38:37,Snapchat,,30,36,354,"https://urldefense.proofpoint.com/v2/url?u=https-3A__www.buzzfeed.com_jasonlockhart_bitmoji-2Dlove-2Dstory-2D3kqh9-3Futm-5Fterm-3D.ok0p692m5-23.ihQGZk6zq&amp;d=DwMCAg&amp;c=ncDTmphkJTvjIDPh0hpF_w&amp;r=WVOg4ysqRK8VmF-DXfsvZAaEGOe_ZcmBifMqyKgZiNE&amp;m=uYhwDw3Kzzz_ItTCHWp222YGC543kGGF65ml_i8gIOI&amp;s=IqKPfufkTTF8vojJT72eCh4ym1rYT2EVTLqFJbrsdSE&amp;e=",,,,1030524316390121472,https://twitter.com/Snapchat/status/1030524316390121472
2018-08-16 15:51:15,Snapchat,,15,26,259,"",,,,1030119808312852480,https://twitter.com/Snapchat/status/1030119808312852480
2018-06-29 18:16:26,Snapchat,,58,22,228,"https://twitter.com/RepublicRecords/status/1012738285725278208",,,,1012761726742355968,https://twitter.com/Snapchat/status/1012761726742355968
2018-06-22 14:59:08,Snapchat,,57,25,282,"",,,,1010175358795055104,https://twitter.com/Snapchat/status/1010175358795055104
2018-06-09 00:02:24,Snapchat,,43,27,290,"Create the ultimate @DCComics-themed Lens celebrating Batman, Superman, and Wonder Woman with #LensStudio for a chance to win a trip to Comic-Con! https://bit.ly/2JrFnIp",,@DCComics,#LensStudio,1005238648361504768,https://twitter.com/Snapchat/status/1005238648361504768
2018-04-26 12:19:49,Snapchat,,105,91,578,"New Spectacles. Made for Summer. https://youtu.be/Qpbyj-hz05s via @YouTube",,@YouTube,,989479158278336513,https://twitter.com/Snapchat/status/989479158278336513
2018-04-25 15:03:09,Snapchat,,83,142,735,"Introducing Snappables!! https://www.snap.com/en-US/news/post/introducing-snappables/",,,,989157875321782272,https://twitter.com/Snapchat/status/989157875321782272
2018-04-03 15:04:50,Snapchat,,377,577,2249,"Introducing Group Video Chat! https://www.snap.com/en-US/news/",,,,981185764443619328,https://twitter.com/Snapchat/status/981185764443619328
2018-02-01 20:07:35,Snapchat,,1663,79,585,"New merch! Scan the Snapcode on our new site to check it out :)",,,,959156293100486656,https://twitter.com/Snapchat/status/959156293100486656
2018-01-30 14:33:02,Snapchat,,348,211,1261,"Introducing Bitmoji Deluxe! https://www.snap.com/en-US/news/",,,,958347324656254976,https://twitter.com/Snapchat/status/958347324656254976
2017-12-14 16:46:12,Snapchat,,79,162,685,"Introducing Lens Studio! https://www.snap.com/en-US/news/",,,,941348609559277568,https://twitter.com/Snapchat/status/941348609559277568
2017-11-29 14:01:57,Snapchat,,1729,721,2782,"Introducing the new Snapchat!!https://www.snap.com/en-US/news/",,,,935871458349342722,https://twitter.com/Snapchat/status/935871458349342722
2017-10-10 15:01:07,Snapchat,,370,206,605,"Introducing Context Cards! https://www.snap.com/en-US/news/",,,,917766953845977089,https://twitter.com/Snapchat/status/917766953845977089
2017-09-08 19:04:57,Snapchat,,28,27,191,"https://www.snap.com/en-US/news/post/introducing-campus-publisher-stories/",,,,906231901890928640,https://twitter.com/Snapchat/status/906231901890928640
2017-09-08 19:04:44,Snapchat,,8,25,141,"https://www.snap.com/en-US/news/post/introducing-campus-publisher-stories/",,,,906231849118261250,https://twitter.com/Snapchat/status/906231849118261250
2017-07-06 19:15:58,Snapchat,,94,108,517,"Can Snapchat's New 'Snap Map' Bring The World Closer Together?",,,,883041853041328128,https://twitter.com/Snapchat/status/883041853041328128
2017-06-28 15:00:52,Snapchat,,67,213,763,"You can now design a custom filter from your phone! https://www.snap.com/en-US/news/",,,,880078549956182016,https://twitter.com/Snapchat/status/880078549956182016
2017-06-21 15:00:16,Snapchat,,54,406,725,"Introducing Snap Map!!! https://www.snap.com/en-US/news/",,,,877541685453930500,https://twitter.com/Snapchat/status/877541685453930500
2017-05-23 13:00:14,Snapchat,,52,252,645,"Introducing Custom Stories! https://www.snap.com/en-US/news/",,,,867002229454012416,https://twitter.com/Snapchat/status/867002229454012416
2017-05-12 23:42:40,Snapchat,ChelseaFC,20,37,233,"",,,,863177635467153408,https://twitter.com/Snapchat/status/863177635467153408
2017-05-09 16:23:31,Snapchat,,142,363,722,"Introducing Limitless Snaps! https://www.snap.com/en-US/news/",,,,861979956628267008,https://twitter.com/Snapchat/status/861979956628267008
2017-04-18 13:05:09,Snapchat,,61,251,571,"introducing New World Lenses https://www.snap.com/en-US/news/",,,,854319892228591620,https://twitter.com/Snapchat/status/854319892228591620
2017-03-31 16:02:27,Snapchat,,123,144,422,"Search over one million Stories https://youtu.be/XyqQtm4wETA via @YouTube",,@YouTube,,847841529213231105,https://twitter.com/Snapchat/status/847841529213231105
2017-02-20 20:58:50,Snapchat,,32,208,607,"Specs are now available in the U.S. at http://spectacles.com!!",,,,833782991109320704,https://twitter.com/Snapchat/status/833782991109320704
2017-01-10 18:51:54,Snapchat,,51,70,363,"International Growth https://www.snap.com/en-US/news/post/international-growth/",,,,818893142602694662,https://twitter.com/Snapchat/status/818893142602694662
2016-12-13 14:02:17,Snapchat,,22,146,307,"Happy Holidays! https://www.snap.com/en-US/news/post/happy-holidays/",,,,808673399832776704,https://twitter.com/Snapchat/status/808673399832776704
2016-11-09 16:13:24,Snapchat,ramazika,58,26,263,"no one can see your snaps unless they are your friend (or you set your Story to public)",,,,796385210526875648,https://twitter.com/Snapchat/status/796385210526875648
2016-11-09 06:58:06,Snapchat,rixnnelondon,26,24,172,"they won’t be able to send your video to anyone who isn’t your friend (unless your Story is public)",,,,796245464626532352,https://twitter.com/Snapchat/status/796245464626532352
2016-10-07 21:02:23,Snapchat,,51,248,460,"Introducing Story Playlist https://www.snap.com/news/",,,,784499136066228224,https://twitter.com/Snapchat/status/784499136066228224
2016-10-01 22:11:08,Snapchat,ardadev,13,2,18,"@Spectacles",,@Spectacles,,782342110099845120,https://twitter.com/Snapchat/status/782342110099845120
2016-09-24 07:05:07,Snapchat,,28,207,531,"We’re now a part of @Snap! http://www.snap.com/news",,@Snap,,779577387432353792,https://twitter.com/Snapchat/status/779577387432353792
2016-09-24 02:26:26,Snapchat,,28,507,620,"Snapchat releases first hardware product, Spectacles http://on.wsj.com/2dho81p via @WSJ",,@WSJ,,779507252545794049,https://twitter.com/Snapchat/status/779507252545794049
2016-07-19 12:35:47,Snapchat,,14,107,258,"Welcome Bitmoji!!! http://snapchat-blog.com/post/147642403080/bitmoji",,,,755380615529111552,https://twitter.com/Snapchat/status/755380615529111552
2016-07-06 21:46:09,Snapchat,ThePerezHilton,20,42,143,"just go to Settings>Memories>Save to Memories & Camera Roll :)",,,,750808074886082560,https://twitter.com/Snapchat/status/750808074886082560
2016-07-06 16:00:05,Snapchat,,36,448,655,"Introducing Memories! http://snapchat-blog.com/",,,,750720984894676992,https://twitter.com/Snapchat/status/750720984894676992
2016-04-17 18:57:09,Snapchat,,22,43,227,"You can catch our Coachella Day 2 Story on the web!",,,,721774516284698624,https://twitter.com/Snapchat/status/721774516284698624
2016-03-29 16:20:10,Snapchat,,48,301,1183,"A huge thank you to our friend @Zedd for the awesome sounds in Chat 2.0!!!",,@Zedd,,714849639803977730,https://twitter.com/Snapchat/status/714849639803977730
2016-03-29 16:02:02,Snapchat,,34,365,461,"Introducing Chat 2.0 http://snapchat-blog.com/post/141902878020/chat-20",,,,714845078389305344,https://twitter.com/Snapchat/status/714845078389305344
2016-03-11 20:01:09,Snapchat,,13,13,115,"The best moments from MLB’s inaugural Snapchat Day http://www.si.com/extra-mustard/2016/03/11/mlb-inaugural-snapchat-day-roundup via @SInow",,@SInow,,708382271665909760,https://twitter.com/Snapchat/status/708382271665909760
2016-03-05 04:32:07,Snapchat,,84,79,389,"major alert: submit your tribeca snapchat shorts!!",,,,705974145322909696,https://twitter.com/Snapchat/status/705974145322909696
2016-03-04 00:07:48,Snapchat,,17,120,286,"Why we're standing with Apple http://snapchat-blog.com/post/140415210330/why-were-standing-with-apple",,,,705545241709801473,https://twitter.com/Snapchat/status/705545241709801473
2016-02-28 04:43:48,Snapchat,,9,22,87,"TRIBECA SNAPCHAT SHORTS submission window opened today :) https://tribecafilm.com/snapchatshorts",,,,703802758076346369,https://twitter.com/Snapchat/status/703802758076346369
2016-02-25 16:00:15,Snapchat,JT_Fales,1,2,4,"@JT_Fales already supported :) try it!",,@JT_Fales,,702885830491176961,https://twitter.com/Snapchat/status/702885830491176961
2016-02-22 17:01:49,Snapchat,,49,299,731,"Introducing On-Demand Geofilters! http://blog.snapchat.com/post/139795604115/on-demand-geofilters",,,,701814158677794816,https://twitter.com/Snapchat/status/701814158677794816
2016-02-19 01:51:46,Snapchat,,11,19,116,"Tribeca Film Festival and Snapchat present TRIBECA SNAPCHAT SHORTS. http://bit.ly/1Rbhtj1",,,,700497974627991552,https://twitter.com/Snapchat/status/700497974627991552
2015-11-23 18:03:27,Snapchat,,26,140,229,"Introducing Story Explorer! http://blog.snapchat.com/post/133805828475/story-explorer",,,,668852374530756608,https://twitter.com/Snapchat/status/668852374530756608
2015-11-02 03:09:59,Snapchat,,84,1219,743,"We are not stockpiling your private Snaps! Our updated Privacy Policy & Terms of Service explained http://bit.ly/1RnFQJk",,,,661017381288833024,https://twitter.com/Snapchat/status/661017381288833024
2015-10-08 19:19:27,Snapchat,,37,43,146,"Introducing the Official Snapchat Backpack",,,,652201658517057536,https://twitter.com/Snapchat/status/652201658517057536
2015-09-30 14:39:13,Snapchat,,14,31,110,"Let the games begin… Official Snapchat Playing Cards",,,,649232032430727168,https://twitter.com/Snapchat/status/649232032430727168
2015-09-15 16:05:13,Snapchat,,42,126,153,"New update today!! A Whole New Way to See Youself(ie)!! http://blog.snapchat.com/post/129151515055/a-whole-new-way-to-see-yourselfie",,,,643817859013984256,https://twitter.com/Snapchat/status/643817859013984256
2015-09-07 10:09:43,Snapchat,erinlux,2,2,2,"@erinlux you can do it!!!",,@erinlux,,640829291299794944,https://twitter.com/Snapchat/status/640829291299794944
2015-08-10 23:07:27,Snapchat,,28,144,373,"Get that Snapcode! https://vine.co/v/edWnaEm1Q9U",,,,630878155050500096,https://twitter.com/Snapchat/status/630878155050500096
2015-08-07 21:05:05,Snapchat,,150,230,954,"Team Snapchat! #ILookLikeAnEngineer",,,#ILookLikeAnEngineer,629760196047310848,https://twitter.com/Snapchat/status/629760196047310848
2015-07-30 22:17:17,Snapchat,,26,71,222,"A towel is the most massively useful thing a Snapchatter can have...get yours here! http://amzn.to/1ORynkN",,,,626879261081604097,https://twitter.com/Snapchat/status/626879261081604097
2015-07-01 16:06:12,Snapchat,,237,367,357,"Introducing Tap to View - Enjoy! http://bit.ly/1LDlpaO",,,,616276626507067392,https://twitter.com/Snapchat/status/616276626507067392
2015-06-22 05:51:19,Snapchat,,21,46,134,"Want to learn more about 3V Advertising on Snapchat? Check out http://3Vads.com ",,,,612860397918384128,https://twitter.com/Snapchat/status/612860397918384128
2015-06-16 16:48:37,Snapchat,,22,47,130,"What is Snapchat? Watch CEO @evanspiegel explain https://m.youtube.com/watch?v=ykGXIQAHLnA",,@evanspiegel,,610851482485682176,https://twitter.com/Snapchat/status/610851482485682176
2015-06-16 00:32:41,Snapchat,,15,45,282,"Thank you @ColbieCaillat!! We love you!",,@ColbieCaillat,,610605880392810497,https://twitter.com/Snapchat/status/610605880392810497
2015-06-13 18:46:39,Snapchat,nickbilton,5,4,39,"@nickbilton nah just tryna keep it balanced",,@nickbilton,,609794025458139136,https://twitter.com/Snapchat/status/609794025458139136
2015-05-29 00:32:43,Snapchat,DANETRAIN05,4,5,9,"@DANETRAIN05 happy birthday!",,@DANETRAIN05,,604082906999300096,https://twitter.com/Snapchat/status/604082906999300096
2015-05-04 18:41:40,Snapchat,,19,64,158,"Introducing a new way to make your own custom Snapcode! http://blog.snapchat.com/post/118125076830/snapcodes",,,,595297257269776384,https://twitter.com/Snapchat/status/595297257269776384
2015-03-17 20:30:03,Snapchat,markiture,3,3,5,"@markiture uh yeah that's amazing ",,@markiture,,577929912356511744,https://twitter.com/Snapchat/status/577929912356511744
2015-03-02 17:54:09,Snapchat,lacedave,5,4,10,"@lacedave you can make one! http://Snapchat.com/Geofilters",,@lacedave,,572454860957745152,https://twitter.com/Snapchat/status/572454860957745152
2015-02-20 20:29:52,Snapchat,,47,93,397,"Courtesy of @verge Snapchat! Missed Fashion Week Live? Check it out in Times Square!",,@verge,,568870171122642945,https://twitter.com/Snapchat/status/568870171122642945
2015-02-18 00:26:22,Snapchat,SenJohnMcCain,5,2,15,"@SenJohnMcCain thank you so much for visiting!",,@SenJohnMcCain,,567842524477272064,https://twitter.com/Snapchat/status/567842524477272064
2015-02-17 22:01:07,Snapchat,JoshConstine,5,2,16,"@JoshConstine better to have been used and lost battery life than never used at all",,@JoshConstine,,567805971990327296,https://twitter.com/Snapchat/status/567805971990327296
2015-02-09 03:11:36,Snapchat,fluxintime,3,0,6,"@fluxintime what happened???",,@fluxintime,,564622614627622914,https://twitter.com/Snapchat/status/564622614627622914
2015-02-07 20:16:03,Snapchat,,1,1,3,"@hoodrat_queen what's wrong?",,,,564155650586865664,https://twitter.com/Snapchat/status/564155650586865664
2015-02-07 20:15:04,Snapchat,,3,2,7,"@princessbubbaaa what's wrong?",,,,564155403475234816,https://twitter.com/Snapchat/status/564155403475234816
2015-02-06 19:11:14,Snapchat,TheDrewCrook,9,2,9,"@TheDrewCrook how many friends do you have? Are they posting stories that you're not seeing?",,@TheDrewCrook,,563776953069494272,https://twitter.com/Snapchat/status/563776953069494272
2015-02-06 18:07:07,Snapchat,AR_Kymmers,1,1,5,"@avsnut41 ?",,,,563760814545321985,https://twitter.com/Snapchat/status/563760814545321985
2015-02-05 23:31:53,Snapchat,joshy_blue,1,2,4,"@joshy_blue we agree and we're working on it! Sorry!",,@joshy_blue,,563480158934290432,https://twitter.com/Snapchat/status/563480158934290432
2015-02-05 19:26:31,Snapchat,OLearyFire,2,1,3,"@OLearyFire what happened? :(",,@OLearyFire,,563418411540025346,https://twitter.com/Snapchat/status/563418411540025346
2015-02-05 19:26:23,Snapchat,jnchurton,3,4,9,"@jnchurton what's wrong?",,@jnchurton,,563418376215605248,https://twitter.com/Snapchat/status/563418376215605248
2015-02-05 18:57:34,Snapchat,StanleyJayee,2,1,1,"@StanleyJayee have you updated to the latest version?",,@StanleyJayee,,563411124964450304,https://twitter.com/Snapchat/status/563411124964450304
2015-01-27 17:02:46,Snapchat,,8,1,9,"@TaylorMarie1118 just swipe down on the camera :) they're all there!",,@TaylorMarie1118,,560120742755315713,https://twitter.com/Snapchat/status/560120742755315713
2015-01-27 15:30:54,Snapchat,,72,383,312,"Introducing Discover http://blog.snapchat.com/post/109302961090/introducing-discover",,,,560097622652760066,https://twitter.com/Snapchat/status/560097622652760066
2014-12-12 04:43:34,Snapchat,lissetherrera,18,6,28,"@lissetherrera ",,@lissetherrera,,543264876219478016,https://twitter.com/Snapchat/status/543264876219478016
2014-12-02 18:54:22,Snapchat,,22,24,73,"We're hiring language ambassadors! Here's how to join #teamsnapchat https://boards.greenhouse.io/snapchat#.VH4GtmTF9hT",,,#teamsnapchat,539855107228467200,https://twitter.com/Snapchat/status/539855107228467200
2014-12-02 16:45:25,Snapchat,,12,30,77,"Community Geofilters! http://blog.snapchat.com/post/104156715050/community-geofilters",,,,539822656070365184,https://twitter.com/Snapchat/status/539822656070365184
2014-11-29 23:20:17,Snapchat,_Nads_H,2,1,8,"@MissNadi_ ",,,,538834863852650496,https://twitter.com/Snapchat/status/538834863852650496
2014-11-27 20:20:35,Snapchat,,1,2,17,"@RoySeabrook happy thanksgiving! ",,@RoySeabrook,,538064865978363904,https://twitter.com/Snapchat/status/538064865978363904
2014-11-27 19:55:54,Snapchat,,13,40,282,"We are so incredibly thankful for the Snapchat community you're the best!",,,,538058653082062849,https://twitter.com/Snapchat/status/538058653082062849
